{
    "batch_256_epochs_10": {
        "batch_size": 256,
        "n_epochs": 10,
        "average_reward": -4.1057555951378175,
        "std_reward": 6.728920501709534
    },
    "batch_256_epochs_20": {
        "batch_size": 256,
        "n_epochs": 20,
        "average_reward": -5.670044003936314,
        "std_reward": 4.866333947681683
    },
    "batch_512_epochs_10": {
        "batch_size": 512,
        "n_epochs": 10,
        "average_reward": -5.320534976783099,
        "std_reward": 3.981386043414227
    },
    "batch_512_epochs_20": {
        "batch_size": 512,
        "n_epochs": 20,
        "average_reward": -5.408422193342943,
        "std_reward": 4.917384299154571
    },
    "batch_1024_epochs_10": {
        "batch_size": 1024,
        "n_epochs": 10,
        "average_reward": -6.248766171336927,
        "std_reward": 1.8361237203774203
    },
    "batch_1024_epochs_20": {
        "batch_size": 1024,
        "n_epochs": 20,
        "average_reward": -5.956911751682353,
        "std_reward": 2.731670125927774
    }
}